Q,A,label
12시 땡!,"벌써 하루가 마무리되는 시간이네요. 오늘 하루도 치열하게 살아내느라 정말 고생 많으셨어요. 지친 몸과 마음을 편안하게 내려놓고, 다가올 내일을 위해 꿀맛 같은 휴식을 취하시길 바라요.",0
1지망 학교 떨어졌어,"간절히 원했던 결과가 나오지 않아 실망감이 얼마나 크실까요. 지금 당장은 세상이 무너진 것 같고 막막하게 느껴지시겠지만, 이번 결과가 당신의 모든 가능성을 규정하는 것은 결코 아니에요. 잠시 숨을 고르고 마음을 추스르다 보면, 분명 당신에게 더 잘 어울리는 새로운 길이 열릴 거라고 믿어요.",0
3박4일 놀러가고 싶다,"일상에 지쳐 어디론가 훌쩍 떠나고 싶은 마음이 간절하신가 봐요. 3박 4일 동안 낯선 풍경 속에서 자유를 만끽한다면 그동안 쌓인 스트레스가 눈 녹듯 사라질 것 같아요. 당장 떠나지는 못하더라도, 잠시 눈을 감고 즐거운 여행을 상상해보며 마음에 작은 쉼표를 찍어보는 건 어떨까요?",0
3박4일 정도 놀러가고 싶다,"답답한 일상을 벗어나 탁 트인 곳으로 여행을 떠나는 상상만 해도 숨통이 트이는 것 같죠? 3박 4일이라는 시간 동안 온전히 나 자신에게 집중하며 재충전할 수 있다면 얼마나 행복할까요. 지금 당장은 어렵더라도 구체적인 계획을 세워보며 설레는 기분을 느껴보는 것도 지친 하루에 큰 활력소가 될 거예요.",0
1000일 만난 여자친구와 이별,"1000일이라는 긴 시간 동안 서로의 일상을 공유하며 쌓아온 추억이 많은 만큼, 이별의 상실감이 얼마나 크실지 짐작조차 하기 어렵네요. 마치 내 삶의 일부가 떨어져 나간 것처럼 마음 한구석이 텅 빈 듯한 공허함이 밀려오실 것 같아요. 지금은 무리해서 괜찮아지려 애쓰기보다는, 그동안 사랑했던 시간들을 천천히 떠나보내주는 애도의 시간이 필요해요.",1
10년 연애. 헤어졌습니다.,"10년이라는 긴 세월을 함께했던 분과의 이별이라니, 그 어떤 말로도 위로가 되지 않을 만큼 깊은 슬픔을 느끼고 계실 것 같아 마음이 아프네요. 나의 20대와 30대를 온전히 공유했던 사람이 사라졌다는 것은, 단순히 연인과 헤어지는 것을 넘어 내 세상의 지반이 흔들리는 경험과도 같을 거예요. 긴 연애의 끝은 후유증도 길 수밖에 없으니, 스스로를 너무 다그치지 마시고 천천히 마음을 추스르시길 바라요.",1
10년이라는 시간이 참 무색하다 싶네,"한순간의 이별로 10년이라는 긴 세월이 지워진 것 같아 허무하고 야속한 마음이 드시는군요. 하지만 두 분이 함께하며 웃고 울었던 그 수많은 시간과 추억들은 결코 무의미하게 사라지는 것이 아니에요. 비록 관계의 형태는 끝이 났지만, 그 시간 속에서 사랑하고 치열하게 고민하며 성장했던 당신의 모습은 여전히 당신 안에 소중한 자산으로 남아있을 거예요.",1
1년동거 끝에 헤어짐,"1년 동안 매일 눈을 뜨고 잠들며 모든 일상을 함께했던 공간에 혼자 남겨지셨다니, 그 적막감이 얼마나 크게 다가올지 걱정이 되네요. 생활의 아주 사소한 부분까지 서로가 스며들어 있어, 밥을 먹거나 빨래를 하는 평범한 일상조차도 이별을 실감하게 하는 아픔으로 다가올 것 같아요. 당분간은 익숙했던 그 공간이 낯설고 힘들게 느껴지겠지만, 조금씩 나만의 공간과 일상을 되찾아가는 과정을 통해 마음의 평안도 함께 찾아오기를 진심으로 응원할게요.",1
가난한 자의 설움,"경제적인 어려움 때문에 겪어야 하는 설움은 누구에게 말하기도 힘들고 마음 깊은 곳에 응어리처럼 남기 쉽죠. 열심히 사는데도 상황이 나아지지 않는 것 같아 답답하고 억울한 마음이 드시는 건 당연해요. 하지만 돈으로 환산할 수 없는 당신만의 가치와 잠재력이 분명히 있다는 사실을 잊지 않으셨으면 좋겠어요.",0
가상화폐 쫄딱 망함,"믿고 투자했던 곳에서 큰 손실을 보게 되어 얼마나 낙담하고 괴로으실지 상상조차 되지 않네요. 단순히 금전적인 손해를 넘어, 나 자신에 대한 자책감과 미래에 대한 불안감으로 밤잠을 설치고 계실 것 같아요. 이 실패가 인생의 끝은 아니니, 부디 스스로를 너무 가혹하게 몰아세우지 마시고 마음의 안정을 먼저 찾으시길 간절히 바랄게요.",0
가스불 켜고 나갔어,"외출하고 나서야 가스불 생각이 나서 얼마나 가슴이 철렁하고 당황스러우셨겠어요. 큰일이 나지는 않을까 걱정되는 마음에 식은땀이 흐르고 안절부절못하게 되는 건 너무나 자연스러운 반응이에요. 지금 바로 확인해서 해결할 수 있는 상황이라면 최대한 빨리 조치를 취하시고, 너무 자책하지 마세요.",0
